Index,Sample ID,Index,Reads,Matching,One Mismatch,Two Mismatches,% Reads,% Matching,% One Mismatch,% Two Mismatches
175,TDL-EC-49-12S,TTCCTACAGC-GGCGAATTCT,"38,983","34,870","4,113",0,0.11%,89.45%,10.55%,0.00%
176,TDL-FS-48-12S,ATCCAGGTAT-CAACGTCAGC,"53,476","47,897","5,579",0,0.15%,89.57%,10.43%,0.00%
177,TDL-FS-40-12S,ACGGTCCAAC-TCTTACATCA,"38,784","35,493","3,291",0,0.11%,91.51%,8.49%,0.00%
178,TDL-FS-41-12S,GTAACTTGGT-CGCCATACCT,"42,205","37,928","4,277",0,0.12%,89.87%,10.13%,0.00%
179,TDL-FS-42-12S,AGCGCCACAC-CTAATGTCTT,"38,238","35,665","2,573",0,0.11%,93.27%,6.73%,0.00%
180,TDL-FS-43-12S,TGCTACTGCC-CAACCGGAGG,"37,456","34,125","3,331",0,0.10%,91.11%,8.89%,0.00%
181,TDL-FS-44-12S,CAACACCGCA-GGCAGTAGCA,"27,919","25,138","2,781",0,0.08%,90.04%,9.96%,0.00%
182,TDL-FS-45-12S,CACCTTAATC-TTAGGATAGA,"37,039","34,141","2,898",0,0.10%,92.18%,7.82%,0.00%
183,TDL-FS-46-12S,TTGAATGTTG-CGCAATCTAG,"26,694","24,614","2,080",0,0.07%,92.21%,7.79%,0.00%
184,TDL-FS-47-12S,CCGGTAACAC-GAGTTGTACT,"34,700","32,154","2,546",0,0.10%,92.66%,7.34%,0.00%
235,TDL-FS-1-12S,ATGTCCAGCA-CAGCGGACAA,"73,657","68,056","5,601",0,0.20%,92.40%,7.60%,0.00%
236,TDL-FS-2-12S,CAACGTTCGG-GGATCCGCAT,"39,987","36,638","3,349",0,0.11%,91.62%,8.38%,0.00%
237,TDL-FS-3-12S,GCGTATTAAT-TGCGGTGTTG,"64,410","59,356","5,054",0,0.18%,92.15%,7.85%,0.00%
238,TDL-FS-4-12S,CCGAATCTGG-ATGAATCAAG,"38,780","35,300","3,480",0,0.11%,91.03%,8.97%,0.00%
239,TDL-FS-5-12S,TCTCAATACC-GACGTTCGCG,"54,932","49,970","4,962",0,0.15%,90.97%,9.03%,0.00%
240,TDL-FS-6-12S,AAGCATCTTG-CATTCAACAA,"67,246","63,659","3,587",0,0.19%,94.67%,5.33%,0.00%
241,TDL-FS-7-12S,TCAGTCTCGT-CACGGATTAT,"91,667","83,081","8,586",0,0.26%,90.63%,9.37%,0.00%
242,TDL-FS-8-12S,GTATAGAACA-TGTCACAGGA,"69,611","63,587","6,024",0,0.19%,91.35%,8.65%,0.00%
243,TDL-FS-9-12S,GTAACAATCT-CTCTGTATAC,"66,850","60,730","6,120",0,0.19%,90.85%,9.15%,0.00%
244,TDL-FS-10-12S,CCATGGTATA-TCTCGCGGAG,"74,181","69,822","4,359",0,0.21%,94.12%,5.88%,0.00%
245,TDL-FS-11-12S,TCATACCGTT-GGTAACGCAG,"75,993","70,509","5,484",0,0.21%,92.78%,7.22%,0.00%
246,TDL-FS-12-12S,GGCGCCATTG-ACCGCGCAAT,"71,732","65,739","5,993",0,0.20%,91.65%,8.35%,0.00%
247,TDL-FS-13-12S,AGCGAATTAG-AGCCGGAACA,26,23,3,0,0.00%,88.46%,11.54%,0.00%
248,TDL-FS-14-12S,TTAGACCATG-TCCTAGGAAG,"85,045","77,980","7,065",0,0.24%,91.69%,8.31%,0.00%
249,TDL-FS-15-12S,CACACAGTAT-TTGAGCCTAA,"106,924","100,350","6,574",0,0.30%,93.85%,6.15%,0.00%
250,TDL-FS-16-12S,TCTTGTCGGC-CCACCTGTGT,"70,360","65,191","5,169",0,0.20%,92.65%,7.35%,0.00%
251,TDL-FS-17-12S,CTAACCGAGA-TCGATGCGCG,"47,818","44,198","3,620",0,0.13%,92.43%,7.57%,0.00%
252,TDL-FS-18-12S,AGTGTCTAGG-CCTAGAAGCA,"55,101","51,937","3,164",0,0.15%,94.26%,5.74%,0.00%
253,TDL-FS-19-12S,GAGGAGCTTC-GACGTATACA,"41,652","37,705","3,947",0,0.12%,90.52%,9.48%,0.00%
254,TDL-FS-20-12S,TCATCTACTA-TAGGCGACTT,"14,755","13,249","1,506",0,0.04%,89.79%,10.21%,0.00%
255,TDL-FS-21-12S,GTAGGCGAGC-TAGGAGCGCA,"35,304","31,860","3,444",0,0.10%,90.24%,9.76%,0.00%
256,TDL-FS-22-12S,AACTTATCCT-GTACTGGCGT,"44,816","42,309","2,507",0,0.12%,94.41%,5.59%,0.00%
257,TDL-FS-23-12S,ATTATGTCTC-AGTTAAGAGC,"68,336","62,047","6,289",0,0.19%,90.80%,9.20%,0.00%
258,TDL-FS-24-12S,TATAACAGCT-TCGCGTATAA,"74,749","67,710","7,039",0,0.21%,90.58%,9.42%,0.00%
259,TDL-FS-25-12S,CCAATGATAC-GAGTGTGCCG,"54,943","50,003","4,940",0,0.15%,91.01%,8.99%,0.00%
260,TDL-FS-26-12S,GAGGCCTATT-CTAGTCCGGA,"42,214","38,387","3,827",0,0.12%,90.93%,9.07%,0.00%
261,TDL-FS-27-12S,AGCTAAGCGG-ATTAATACGC,"49,028","45,039","3,989",0,0.14%,91.86%,8.14%,0.00%
262,TDL-FS-28-12S,CTTCCTAGGA-CCTAGAGTAT,"45,908","42,157","3,751",0,0.13%,91.83%,8.17%,0.00%
263,TDL-FS-29-12S,CGATCTGTGA-TAGGAAGACT,"50,302","47,391","2,911",0,0.14%,94.21%,5.79%,0.00%
264,TDL-FS-30-12S,GTGGACAAGT-CCGTGGCCTT,"45,839","41,567","4,272",0,0.13%,90.68%,9.32%,0.00%
265,TDL-FS-31-12S,AACAAGTACA-GGATATATCC,"44,091","40,565","3,526",0,0.12%,92.00%,8.00%,0.00%
266,TDL-FS-32-12S,TATCACTCTG-AACGTTACAT,"70,164","64,482","5,682",0,0.20%,91.90%,8.10%,0.00%
267,TDL-FS-33-12S,AGAATTCGCC-CGGCAAGCTC,"51,006","46,249","4,757",0,0.14%,90.67%,9.33%,0.00%
268,TDL-FS-34-12S,CCTGACCACT-TCTTGGCTAT,"67,892","61,668","6,224",0,0.19%,90.83%,9.17%,0.00%
269,TDL-FS-35-12S,AGCTGGAATG-ACGGAATGCG,"40,293","37,871","2,422",0,0.11%,93.99%,6.01%,0.00%
270,TDL-FS-36-12S,CCTTGGCATC-GACCGATTCG,"41,095","37,397","3,698",0,0.11%,91.00%,9.00%,0.00%
271,TDL-FS-37-12S,TATAGGTACT-TAGGTGAGAT,"44,797","40,719","4,078",0,0.12%,90.90%,9.10%,0.00%
272,TDL-FS-38-12S,CAAGTCTACA-CACGTACGTG,"33,404","30,631","2,773",0,0.09%,91.70%,8.30%,0.00%
273,TDL-FS-39-12S,GAGAAGAGGA-TTGACCTAAC,"51,014","45,708","5,306",0,0.14%,89.60%,10.40%,0.00%
